{
	"pattrstorage" : 	{
		"name" : "presets",
		"slots" : 		{
			"1" : 			{
				"id" : 1,
				"data" : 				{
					"gain~" : [ 112 ],
					"number" : [ 0.0 ],
					"number[1]" : [ 83370.022675736967358 ],
					"number[2]" : [ 43.0 ],
					"number[3]" : [ 48.200000000000003 ],
					"number[4]" : [ 0.41 ],
					"number[5]" : [ 0.24 ],
					"number[6]" : [ 0.7 ]
				}

			}

		}

	}

}
